{
    "question": "Give an overall sales report.",
    "total": 3193886.0,
    "mean": 9949.800623052959,
    "median": 653.0,
    "std": 31923.853086154475,
    "min": 0.0,
    "max": 299691.0,
    "count": 321
}