{
    "question": "What is the total revenue generated, the total number of pizzas sold, and the total number of orders placed?",
    "total_revenue": 817860.05,
    "total_pizzas_sold": 49574,
    "total_orders": 21350,
    "avg_order_value": 38.30726229508196,
    "mean_unit_price": 16.494132044426163,
    "median_unit_price": 16.5,
    "std_total_price": 4.4373975811810835,
    "min_total_price": 9.75,
    "max_total_price": 83.0,
    "outlier_count": 613,
    "skewness": 1.7328564007150937,
    "kurtosis": 8.89508813969252,
    "spearman_price_quantity": 0.009722748837510061,
    "top_category_by_revenue": "Classic"
}