{
    "question": "Give overall analysis report.",
    "total": 817860.05,
    "mean": 16.821473673385437,
    "median": 16.5,
    "std": 4.4373975811810835,
    "min": 9.75,
    "max": 83.0,
    "count": 48620
}