{
    "question": "Give me an overall sales and product summary report.",
    "total": 4576033.43,
    "mean": 3129.98182626539,
    "median": 799.0,
    "std": 6950.548042206762,
    "min": 39.0,
    "max": 77990.0,
    "count": 1462
}