{
    "question": "Which products offer the best value (high rating + high discount)?",
    "total": 284720.7,
    "mean": 194.34860068259385,
    "median": 202.1,
    "std": 88.3895785450787,
    "min": 0.0,
    "max": 404.2,
    "count": 1465
}